<?xml version="1.0" encoding="UTF-8"?>
<Configuration monitorInterval="30">
    <Properties>
        <Property name="LOG_PATTERN_NO_TIME">
            %p %m%n
        </Property>
        <Property name="LOG_PATTERN">
            %d{yyyy-MM-dd'T'HH:mm:ss.SSSZ} %p %m%n
        </Property>
    </Properties>

    <Appenders>
        <Console name="console" target="SYSTEM_OUT" follow="true">
            <PatternLayout pattern="${LOG_PATTERN}"/>
        </Console>
        <File name="file" fileName="./log/${date:yyyy-MM-dd}.log" append="true">
            <PatternLayout charset="UTF-8" pattern="${LOG_PATTERN}"/>
        </File>
    </Appenders>

    <Loggers>
        <Root level="trace">
            <AppenderRef ref="console"/> <!-- 이렇게 하면 콘솔에 출력이 된다.-->
            <!-- <AppenderRef ref="file"/> 이렇게 하면 파일에 출력이 되고-->
            <!-- 파일에 출력하기에는 양이 너무 많다. 한 번 실행하면 2500줄 생겨버림 -->
        </Root>
    </Loggers>
</Configuration>